{
  "meta": {
    "run_at": "2026-03-17T19:04:49.277067+09:00",
    "data_path": "/Users/eojin-kim/.codex/worktrees/9e84/AI/data/retrieval/data.jsonl",
    "ground_truth_path": "/Users/eojin-kim/.codex/worktrees/9e84/AI/data/retrieval/ground_truth.json",
    "embedding_model": "text-embedding-3-small",
    "top_k": 5,
    "use_query_expansion": true,
    "query_count": 11
  },
  "macro_avg": {
    "bm25": {
      "ndcg_at_5": 0.6169652166842313,
      "recall_at_5": 0.6250000000000001,
      "mrr_at_5": 0.7196969696969696
    },
    "openai_embedding": {
      "ndcg_at_5": 0.2352942112909673,
      "recall_at_5": 0.25984848484848483,
      "mrr_at_5": 0.29545454545454547
    },
    "hybrid": {
      "ndcg_at_5": 0.419740415349435,
      "recall_at_5": 0.4568181818181818,
      "mrr_at_5": 0.48636363636363633
    }
  },
  "per_query": {
    "서울 신입 4년제대졸 NLP 개발자": {
      "relevant_doc_ids": [
        1,
        3,
        4,
        8,
        9,
        20,
        38,
        39
      ],
      "bm25": {
        "ndcg_at_5": 0.7227265726449519,
        "recall_at_5": 0.375,
        "mrr_at_5": 1.0
      },
      "openai_embedding": {
        "ndcg_at_5": 0.16958010263680806,
        "recall_at_5": 0.125,
        "mrr_at_5": 0.3333333333333333
      },
      "hybrid": {
        "ndcg_at_5": 0.13120507751234178,
        "recall_at_5": 0.125,
        "mrr_at_5": 0.2
      }
    },
    "서울 신입 고졸 NLP 개발자": {
      "relevant_doc_ids": [
        3,
        20,
        38,
        39
      ],
      "bm25": {
        "ndcg_at_5": 0.6366824387328317,
        "recall_at_5": 0.5,
        "mrr_at_5": 1.0
      },
      "openai_embedding": {
        "ndcg_at_5": 0.0,
        "recall_at_5": 0.0,
        "mrr_at_5": 0.0
      },
      "hybrid": {
        "ndcg_at_5": 0.15101961822780524,
        "recall_at_5": 0.25,
        "mrr_at_5": 0.2
      }
    },
    "서울 신입 대졸 AI 연구원": {
      "relevant_doc_ids": [
        6,
        12,
        17,
        21,
        22,
        23,
        25,
        26,
        27,
        32
      ],
      "bm25": {
        "ndcg_at_5": 1.0,
        "recall_at_5": 0.5,
        "mrr_at_5": 1.0
      },
      "openai_embedding": {
        "ndcg_at_5": 0.830419897363192,
        "recall_at_5": 0.4,
        "mrr_at_5": 1.0
      },
      "hybrid": {
        "ndcg_at_5": 0.8687949224876582,
        "recall_at_5": 0.4,
        "mrr_at_5": 1.0
      }
    },
    "서울 신입 4년제대졸 시뮬레이션 개발자": {
      "relevant_doc_ids": [
        7
      ],
      "bm25": {
        "ndcg_at_5": 0.6309297535714575,
        "recall_at_5": 1.0,
        "mrr_at_5": 0.5
      },
      "openai_embedding": {
        "ndcg_at_5": 0.6309297535714575,
        "recall_at_5": 1.0,
        "mrr_at_5": 0.5
      },
      "hybrid": {
        "ndcg_at_5": 0.6309297535714575,
        "recall_at_5": 1.0,
        "mrr_at_5": 0.5
      }
    },
    "서울 신입 대졸 RAG 엔지니어": {
      "relevant_doc_ids": [
        3,
        4,
        8,
        38
      ],
      "bm25": {
        "ndcg_at_5": 0.6366824387328317,
        "recall_at_5": 0.5,
        "mrr_at_5": 1.0
      },
      "openai_embedding": {
        "ndcg_at_5": 0.0,
        "recall_at_5": 0.0,
        "mrr_at_5": 0.0
      },
      "hybrid": {
        "ndcg_at_5": 0.16812753627111746,
        "recall_at_5": 0.25,
        "mrr_at_5": 0.25
      }
    },
    "서울 3년경력 대졸 프론트엔드, 백엔드 웹개발": {
      "relevant_doc_ids": [
        11
      ],
      "bm25": {
        "ndcg_at_5": 1.0,
        "recall_at_5": 1.0,
        "mrr_at_5": 1.0
      },
      "openai_embedding": {
        "ndcg_at_5": 0.0,
        "recall_at_5": 0.0,
        "mrr_at_5": 0.0
      },
      "hybrid": {
        "ndcg_at_5": 1.0,
        "recall_at_5": 1.0,
        "mrr_at_5": 1.0
      }
    },
    "서울 신입 대졸 ai 엔지니어": {
      "relevant_doc_ids": [
        1,
        3,
        4,
        8,
        9,
        13
      ],
      "bm25": {
        "ndcg_at_5": 0.21398626473452756,
        "recall_at_5": 0.16666666666666666,
        "mrr_at_5": 0.5
      },
      "openai_embedding": {
        "ndcg_at_5": 0.21398626473452756,
        "recall_at_5": 0.16666666666666666,
        "mrr_at_5": 0.5
      },
      "hybrid": {
        "ndcg_at_5": 0.13120507751234178,
        "recall_at_5": 0.16666666666666666,
        "mrr_at_5": 0.2
      }
    },
    "서울 신입 대졸 소프트웨어 개발자": {
      "relevant_doc_ids": [
        15
      ],
      "bm25": {
        "ndcg_at_5": 0.5,
        "recall_at_5": 1.0,
        "mrr_at_5": 0.3333333333333333
      },
      "openai_embedding": {
        "ndcg_at_5": 0.0,
        "recall_at_5": 0.0,
        "mrr_at_5": 0.0
      },
      "hybrid": {
        "ndcg_at_5": 0.0,
        "recall_at_5": 0.0,
        "mrr_at_5": 0.0
      }
    },
    "서울 무관 대졸 데이터사이언티스트": {
      "relevant_doc_ids": [
        3,
        18,
        33
      ],
      "bm25": {
        "ndcg_at_5": 0.7653606369886217,
        "recall_at_5": 0.6666666666666666,
        "mrr_at_5": 1.0
      },
      "openai_embedding": {
        "ndcg_at_5": 0.20210734650054757,
        "recall_at_5": 0.3333333333333333,
        "mrr_at_5": 0.25
      },
      "hybrid": {
        "ndcg_at_5": 0.6508205185601091,
        "recall_at_5": 0.6666666666666666,
        "mrr_at_5": 1.0
      }
    },
    "서울 무관 2,3년제 컴퓨터비전,CV 개발자": {
      "relevant_doc_ids": [
        18,
        19,
        29
      ],
      "bm25": {
        "ndcg_at_5": 0.41618115554873086,
        "recall_at_5": 0.6666666666666666,
        "mrr_at_5": 0.3333333333333333
      },
      "openai_embedding": {
        "ndcg_at_5": 0.23463936301137822,
        "recall_at_5": 0.3333333333333333,
        "mrr_at_5": 0.3333333333333333
      },
      "hybrid": {
        "ndcg_at_5": 0.49818925746641285,
        "recall_at_5": 0.6666666666666666,
        "mrr_at_5": 0.5
      }
    },
    "서울 신입 고졸 컴퓨터비전 개발자": {
      "relevant_doc_ids": [
        22,
        29
      ],
      "bm25": {
        "ndcg_at_5": 0.2640681225725909,
        "recall_at_5": 0.5,
        "mrr_at_5": 0.25
      },
      "openai_embedding": {
        "ndcg_at_5": 0.3065735963827292,
        "recall_at_5": 0.5,
        "mrr_at_5": 0.3333333333333333
      },
      "hybrid": {
        "ndcg_at_5": 0.38685280723454163,
        "recall_at_5": 0.5,
        "mrr_at_5": 0.5
      }
    }
  },
  "raw_rankings": {
    "서울 신입 4년제대졸 NLP 개발자": {
      "bm25": [
        38,
        39,
        8,
        15,
        23
      ],
      "openai_embedding": [
        37,
        36,
        9,
        5,
        23
      ],
      "hybrid": [
        23,
        29,
        19,
        37,
        38
      ]
    },
    "서울 신입 고졸 NLP 개발자": {
      "bm25": [
        39,
        38,
        29,
        19,
        31
      ],
      "openai_embedding": [
        36,
        37,
        5,
        24,
        29
      ],
      "hybrid": [
        29,
        24,
        34,
        36,
        39
      ]
    },
    "서울 신입 대졸 AI 연구원": {
      "bm25": [
        23,
        21,
        17,
        6,
        22
      ],
      "openai_embedding": [
        23,
        25,
        36,
        17,
        12
      ],
      "hybrid": [
        23,
        17,
        22,
        12,
        34
      ]
    },
    "서울 신입 4년제대졸 시뮬레이션 개발자": {
      "bm25": [
        38,
        7,
        8,
        15,
        39
      ],
      "openai_embedding": [
        36,
        7,
        38,
        37,
        23
      ],
      "hybrid": [
        38,
        7,
        23,
        19,
        29
      ]
    },
    "서울 신입 대졸 RAG 엔지니어": {
      "bm25": [
        8,
        38,
        14,
        15,
        20
      ],
      "openai_embedding": [
        36,
        37,
        23,
        24,
        5
      ],
      "hybrid": [
        23,
        29,
        36,
        8,
        37
      ]
    },
    "서울 3년경력 대졸 프론트엔드, 백엔드 웹개발": {
      "bm25": [
        11,
        39,
        38,
        23,
        15
      ],
      "openai_embedding": [
        36,
        37,
        34,
        21,
        16
      ],